headline,sentiment
Medicare patients getting emergency surgery in private-equity hospitals are 42% more likely to die in the next 30 days. What’s going on?,-0.7759
What is AI really giving back to tech investors? Here’s the hard truth.,0.5563
"Here’s something the rich know about managing investment risk that can help you, too",0.6369
More SALT should be on America’s tax-deduction menu. Way more.,0.0
"The rich are not out of the woods on estate taxes, with $15 million exemption on table",0.5574
"A new ‘senior bonus’ could give older adults a $4,000 tax break. Here’s who would qualify.",0.0
Trump recession is off the table — but trouble is not over for the U.S. economy,-0.6652
The stock market’s momentum swings both ways. Don’t get hit.,0.0
"Welcome to the real world, Class of 2025. Here are 5 money tips you haven’t heard a million times.",0.4588
Thinking of retiring abroad but unsure about it? How to take a country for a ‘test drive.’,-0.3612
